1,1,2022-11-24 05:14:47,reg,reg,Admin,SA
2,2,2022-11-24 05:14:47,reg,reg,Admin,N
3,3,2022-11-24 05:14:47,reg,reg,job01,title01
4,4,2022-11-24 05:19:46,reg,reg,job02,title02
5,5,2022-11-24 05:19:59,reg,reg,job03,title03
6,6,2022-11-24 05:20:11,reg,reg,job04,title04
7,7,2022-11-24 05:20:24,reg,reg,job05,title05
8,8,2022-11-24 05:24:18,reg,reg,job06,title06
9,9,2022-11-24 05:24:33,reg,reg,job07,title07
10,10,2022-11-24 05:24:56,reg,reg,job08,title08
11,11,2022-11-24 05:25:07,reg,reg,job09,title09
12,12,2022-11-24 05:25:25,reg,reg,job10,title10
13,13,2022-11-24 05:25:34,reg,reg,job11,title11
14,14,2022-11-24 05:25:42,reg,reg,job12,title12
15,15,2022-11-24 05:25:49,reg,reg,job13,title13
16,16,2022-11-24 05:25:58,reg,reg,job14,title14
17,17,2022-11-24 05:26:08,reg,reg,job15,title15
18,18,2022-11-24 05:26:16,reg,reg,job16,title16
19,19,2022-11-24 05:26:25,reg,reg,job17,title17
20,20,2022-11-24 05:26:33,reg,reg,job18,title18
21,21,2022-11-24 05:26:43,reg,reg,job19,title19
22,4,2022-11-24 08:42:00,job02,title02,tmp1,tmp2
23,4,2022-11-24 08:45:17,tmp1,tmp2,job02,title02
